<?xml version="1.0" encoding="UTF-8"?>
<appengine-web-app xmlns="http://appengine.google.com/ns/1.0"
xmlns:xsi='http://www.w3.org/2001/XMLSchema-instance'
xsi:schemaLocation='http://kenai.com/projects/nbappengine/downloads/download/schema/appengine-web.xsd appengine-web.xsd'>
    <application>sigviaa</application>
    <version>prototipo1teste</version>
    <sessions-enabled>true</sessions-enabled>
    
    <ssl-enabled>false</ssl-enabled>
    
    
    <threadsafe>true</threadsafe>
    <system-properties>
    <property name="java.util.logging.config.file" value="WEB-INF/logging.properties"/>
  </system-properties>
  <static-files>
    <include path="/favicon.ico"/>
  </static-files>
</appengine-web-app>
