<beans:beans xmlns="http://www.springframework.org/schema/security"
	xmlns:beans="http://www.springframework.org/schema/beans" 
	xmlns:xsi="http://www.w3.org/2001/XMLSchema-instance"
        xmlns:security="http://www.springframework.org/schema/security"
        xmlns:p="http://www.springframework.org/schema/p"
	xsi:schemaLocation="http://www.springframework.org/schema/beans
	http://www.springframework.org/schema/beans/spring-beans-3.1.xsd
	http://www.springframework.org/schema/security
	http://www.springframework.org/schema/security/spring-security-3.1.xsd">
 
	<http auto-config="false" entry-point-ref="authenticationEntryPoint" >
		<intercept-url pattern="/faces/administrador/*" access="ROLE_ADMIN"/>
                <intercept-url pattern="/faces/usuario/*" access="ROLE_USER,ROLE_ADMIN" />
                <intercept-url pattern="/faces/*" access="IS_AUTHENTICATED_ANONYMOUSLY"/>
                <custom-filter ref="autenticationFilter" position="FORM_LOGIN_FILTER"/>		
		<logout invalidate-session="true" logout-success-url="/faces/login.xhtml" logout-url="/logout"/>        
                                
	</http>
 
	<authentication-manager alias="authenticationManager"/>          

	<beans:bean id="autenticationFilter" class="util.AutenticacaoFilter" p:authenticationManager-ref="authenticationManager"/>
            
        <beans:bean id="authenticationEntryPoint" class="org.springframework.security.web.authentication.LoginUrlAuthenticationEntryPoint" p:loginFormUrl="/faces/login.xhtml"/>
        

</beans:beans>
